Album,Artist Name,type
Die Lit,Playboi Carti,CD
Secret of the Runes,Therion,CD
in vain,Klangforum Wien / Sylvain Cambreling,CD
Siembra,Willie Colón & Rubén Blades,CD
Extensions,McCoy Tyner,CD
The Great Otis Redding Sings Soul Ballads,Otis Redding,CD
Aja,Steely Dan,CD
Seventeen Seconds,The Cure,CD
Num-Heavymetallic,Number Girl,CD
Richard D. James Album,Aphex Twin,CD
Inflammable Material,Stiff Little Fingers,CD
European Echoes,Manfred Schoof,CD
Bluffer's Guide to the Flight Deck,Flotation Toy Warning,CD
Arise,Sepultura,CD
Free for All,Art Blakey & The Jazz Messengers,CD
Te Deum,Estonian Philharmonic Chamber Choir / Tallinn Chamber Orchestra / Tõnu Kaljuste,CD
The Nocturnes,Artur Rubinstein,CD
Imaginary Day,Pat Metheny Group,CD
"Stories From the City, Stories From the Sea",PJ Harvey,CD
The Low Spark of High Heeled Boys,Traffic,CD
Music Has the Right to Children,Boards of Canada,CD
Concierto de Aranjuez,Paco de Lucía,CD
New Ancient Strings,Toumani Diabaté With Ballaké Sissoko,CD
Dead Magic,Anna von Hausswolff,CD
Peter Gabriel,Peter Gabriel,CD
Siren,平沢進 [Susumu Hirasawa],CD
Clube da Esquina 2,Milton Nascimento,CD
Diamond Eyes,Deftones,CD
Mother,Luna Sea,CD
Drums and Wires,XTC,CD
Teaser and the Firecat,Cat Stevens,CD
If You're Feeling Sinister,Belle and Sebastian,CD
Desire,Bob Dylan,CD
Magnetic South,Michael Nesmith & The First National Band,CD
Ragnarök,Ragnarök,CD
Parallels,Fates Warning,CD
The Stone Roses,The Stone Roses,CD
Canticles of Ecstasy,Sequentia,CD
Jeopardy,The Sound,CD
You're Living All Over Me,Dinosaur,CD
Jacques Brel,Jacques Brel,CD
Pastel Blues,Nina Simone,CD
Soundtracks,Can,CD
Silent Cries and Mighty Echoes,Eloy,CD
Ciudad de Brahman,Natas,CD
Rainmaker,Michael Chapman,CD
No Gods / No Managers,Choking Victim,CD
Denim and Leather,Saxon,CD
Showcase Vol 1,Wayne Jarrett,CD
Goodfellas,Show & A.G.,CD
Court in the Act,Satan,CD
Straight Ahead,Oliver Nelson with Eric Dolphy,CD
Mental Vortex,Coroner,CD
For Girls Who Grow Plump in the Night,Caravan,CD
Head Over Heels,Cocteau Twins,CD
Ample Destruction,Jag Panzer,CD
A Swingin' Affair!,Frank Sinatra,CD
Take a Look Around,Master Ace,CD
Unchained,Johnny Cash,CD
Twilight of the Gods,Bathory,CD
On the Beach,Neil Young,CD
Unfinished Masterpiece,Eddie Palmieri,CD
Jailbreak,Thin Lizzy,CD
Black Monk Time,Monks,CD
HEY WHAT,Low,CD
You Got My Mind Messed Up,James Carr,CD
Fire of Love,The Gun Club,CD
Sunrise on the Sufferbus,Masters of Reality,CD
Bottomless Pit,Death Grips,CD
A New World Record,Electric Light Orchestra,CD
Songs From the Big Chair,Tears for Fears,CD
Document,R.E.M.,CD
春と修羅 (Haru to Shura),春ねむり [Haru Nemuri],CD
Gal,Gal Costa,CD
Monomania,Car Seat Headrest,CD
Les cinq saisons,Harmonium,CD
Point of Departure,Andrew Hill,CD
Powerslave,Iron Maiden,CD
Legenda,Armia,CD
Doe or Die,AZ,CD
Take As Needed for Pain,Eyehategod,CD
A Handful of Beauty,Shakti With John McLaughlin,CD
The Book About My Idle Plot on a Vague Anxiety,toe,CD
Across the Dark,Insomnium,CD
Top Priority,Rory Gallagher,CD
救済の技法 (Kyuusai no gihou),平沢進 [Susumu Hirasawa],CD
Machine Gun,The Peter Brötzmann Octet,CD
Drowner Yellow Swans,Yellow Swans,CD
From Here We Go Sublime,The Field,CD
Endless Summer,Fennesz,CD
Minecraft: Volume Alpha,C418,CD
Workingman's Dead,Grateful Dead,CD
Black Antlers,Coil,CD
The Undertones,The Undertones,CD
Fantasma,Cornelius,CD
Imperial,Denzel Curry,CD
Dance Tonight! Revolution Tomorrow!,Orchid,CD
Nocturnes,Maurizio Pollini,CD
La Máquina de Hacer Pájaros,La Máquina de Hacer Pájaros,CD
Music for 18 Musicians,Steve Reich and Musicians,CD
Hidden History of the Human Race,Blood Incantation,CD
The Puppet Master,King Diamond,CD
Temple of the Dog,Temple of the Dog,CD
Painkiller,Judas Priest,CD
塊魂サウンドトラック「塊フォルテッシモ魂」 (Katamari Damacy Soundtrack: Katamari Fortissimo Damacy),三宅優 [Yuu Miyake],CD
One Beat,Sleater-Kinney,CD
Ready for Freddie,Freddie Hubbard,CD
L'isola di niente,Premiata Forneria Marconi,CD
A Saucerful of Secrets,Pink Floyd,CD
Yellow Magic Orchestra,Yellow Magic Orchestra,CD
Kaleidoscope,Siouxsie and The Banshees,CD
Reasonable Doubt,Jay-Z,CD
Transistor,Darren Korb,CD
Forgotten Legends,Drudkh,CD
Nebraska,Bruce Springsteen,CD
Selling England by the Pound,Genesis,CD
Louis Armstrong Plays W. C. Handy,Louis Armstrong,CD
Close to a World Below,Immolation,CD
Ella and Louis,Ella Fitzgerald & Louis Armstrong,CD
Taking Drugs to Make Music to Take Drugs To,Spacemen 3,CD
Music From Big Pink,The Band,CD
Русский альбом,БГ,CD
Streetcleaner,Godflesh,CD
Outward Bound,Eric Dolphy Quintet,CD
Paul's Boutique,Beastie Boys,CD
Jazz Samba Encore!,Stan Getz & Luiz Bonfá,CD
Edward Scissorhands,Danny Elfman,CD
Cartola,Cartola,CD
Crescent,John Coltrane Quartet,CD
The Captain and Me,The Doobie Brothers,CD
Depois do fim,Bacamarte,CD
Caetano Veloso,Caetano Veloso,CD
Specialist in All Styles,Orchestra Baobab,CD
The New Folk Sound of Terry Callier,Terry Callier,CD
Time of the Last Persecution,Bill Fay,CD
Darklands,The Jesus and Mary Chain,CD
Purple Sun,Tomasz Stanko Quintet,CD
Pistachio Island,Ilkae,CD
Discovery,Daft Punk,CD
The Black Light,Calexico,CD
Vacation,Bomb the Music Industry!,CD
Strange Days,The Doors,CD
Interplay,Bill Evans,CD
Einstein on the Beach,Philip Glass / Robert Wilson,CD
Souvenirs d'un autre monde,Alcest,CD
Aerial Ballet,Nilsson,CD
Stormcock,Roy Harper,CD
Blues for the Red Sun,Kyuss,CD
Stress: The Extinction Agenda,Organized Konfusion,CD
Horse Rotorvator,Coil,CD
The Dark Third,Pure Reason Revolution,CD
Parcel of Rogues,Steeleye Span,CD
Jane Doe,Converge,CD
Silent Hill,Akira Yamaoka,CD
In the Rectory of the Bizarre Reverend,Reverend Bizarre,CD
Original Pirate Material,The Streets,CD
Yerself Is Steam,Mercury Rev,CD
Burn the Sun,Ark,CD
Without You I'm Nothing,Placebo,CD
Song of the Marching Children,Earth & Fire,CD
99.9 F°,Suzanne Vega,CD
Préludes · Volume 1,Arturo Benedetti Michelangeli,CD
Witchcult Today,Electric Wizard,CD
Ladies of the Canyon,Joni Mitchell,CD
Lucinda Williams,Lucinda Williams,CD
Only Built 4 Cuban Linx...,Raekwon,CD
Master and Everyone,Bonnie 'Prince' Billy,CD
Elastic Rock,Nucleus,CD
Abraxas,Santana,CD
Confield,Autechre,CD
Revival,Gillian Welch,CD
Relatives in Descent,Protomartyr,CD
Stand Back! Here Comes Charley Musselwhite's South Side Band,Charley Musselwhite,CD
Parallel Lines,Blondie,CD
Blowout Comb,Digable Planets,CD
Milestones,Miles Davis,CD
Halloween,John Carpenter,CD
Choirs of the Eye,Kayo Dot,CD
"""Love and Theft""",Bob Dylan,CD
One of Us Is the Killer,The Dillinger Escape Plan,CD
Ágætis byrjun,Sigur Rós,CD
In Praise of Learning,Henry Cow,CD
Electr-o-Pura,Yo La Tengo,CD
Mandylion,The Gathering,CD
When the Kite String Pops,Acid Bath,CD
Basie,Count Basie and His Orchestra + Neal Hefti Arrangements,CD
Sing to God,Cardiacs,CD
Dah Shinin',Smif-n-Wessun,CD
Stardust,Willie Nelson,CD
Cuphead,Kristofer Maddigan,CD
New Amerykah Part One: 4th World War,Erykah Badu,CD
Tonight's the Night,Neil Young,CD
Change,The Dismemberment Plan,CD
Libertango,Astor Piazzolla,CD
Alucinação,Belchior,CD
What Color Is Love,Terry Callier,CD
Death or Glory,Running Wild,CD
Unholy Cult,Immolation,CD
Dead Heart in a Dead World,Nevermore,CD
L'aldilà,Fabio Frizzi,CD
Blood & Chocolate,Elvis Costello and The Attractions,CD
Madman Across the Water,Elton John,CD
Around the Fur,Deftones,CD
Moonshine,Bert Jansch,CD
The Blackening,Machine Head,CD
Volunteers,Jefferson Airplane,CD
Bad,Michael Jackson,CD
Chrono Cross,Yasunori Mitsuda,CD
Das Lied von der Erde,New Philharmonia Orchestra / Philharmonia Orchestra / Otto Klemperer / Christa Ludwig / Fritz Wunderlich,CD
Moonlight,Nicholas Britell,CD
Stillbirth Machine,Order From Chaos,CD
Africa / Brass,The John Coltrane Quartet,CD
Mutantes,Mutantes,CD
Liar,The Jesus Lizard,CD
Rhythm Nation 1814,Janet Jackson,CD
Foxtrot,Genesis,CD
Hymnvs,Hoedh,CD
The Devil Made Me Do It,Paris,CD
You Don't Mess Around With Jim,Jim Croce,CD
Leeway,Lee Morgan,CD
Volume 16: For da Summa of '94,Mista D.J. Paul,CD
Trust,Low,CD
The B-52's,The B-52's,CD
"Vol. 9mm ""It's On""",Juicy (Juice Manne) Jay,CD
In 'n Out,Joe Henderson,CD
Parachute,Pretty Things,CD
Murray Street,Sonic Youth,CD
On a Storyteller's Night,Magnum,CD
Vision Creation Newsun,Boredoms,CD
Andrew Bird & The Mysterious Production of Eggs,Andrew Bird,CD
Rainbow Bridge,Jimi Hendrix,CD
Suite bergamasque; Children's Corner; Estampes; L'isle joyeuse; La fille aux cheveux de lin; La plus que lente; Etude pour les arpèges,Alexis Weissenberg,CD
Those Who Throw Objects at the Crocodiles Will Be Asked to Retrieve Them,Bruno Pernadas,CD
Street Fighter III: 3rd Strike - Fight for the Future,奥河英樹 [Hideki Okugawa],CD
Everything Must Go,Manic Street Preachers,CD
Johnny Burnette and the Rock 'n Roll Trio,Johnny Burnette & The Rock 'n Roll Trio,CD
Ok nefna tysvar ty,Falkenbach,CD
...Majestic Thou in Ruin,Dusk,CD
Symphonies of Sickness,Carcass,CD
El escarabajo más grande de Europa,El Niño Gusano,CD
The Goldberg Variations,Glenn Gould,CD
Apocalypse 91...The Enemy Strikes Black,Public Enemy,CD
Continuo,Avishai Cohen,CD
La mosca y la sopa,Patricio Rey y sus Redonditos de Ricota,CD
Lurker of Chalice,Lurker of Chalice,CD
India's Master Musician,Ravi Shankar,CD
Inspiration Is Dead,凛として時雨 [Ling Tosite Sigure],CD
Communion,Septicflesh,CD
Field Songs,Mark Lanegan,CD
Here's Little Richard,Little Richard,CD
La double vie de Véronique: The Double Life of Veronika,Zbigniew Preisner,CD
The Similitude of a Dream,The Neal Morse Band,CD
Bridge Over Troubled Water,Simon and Garfunkel,CD
The Times They Are A-Changin',Bob Dylan,CD
"Straight, No Chaser",Thelonious Monk,CD
Selda,Selda,CD
Return to the 36 Chambers: The Dirty Version,Ol' Dirty Bastard,CD
White Pony,Deftones,CD
Force Majeure,Tangerine Dream,CD
Бодун,АукцЫон [Auktyon],CD
Oddech wymarłych światów,KAT,CD
Symphonien No. 8 »Unvollendete« · No. 3,Wiener Philharmoniker / Carlos Kleiber,CD
Everybody Knows This Is Nowhere,Neil Young with Crazy Horse,CD
Dub Housing,Pere Ubu,CD
Exuvia,The Ruins of Beverast,CD
Pale Folklore,Agalloch,CD
The Anatomy of Addiction,God,CD
Transmissions From the Satellite Heart,The Flaming Lips,CD
Berry Is on Top,Chuck Berry,CD
Arbeit macht frei,Area,CD
Hunky Dory,David Bowie,CD
Études Op.10 & Op.25,Maurizio Pollini,CD
Communication,Junko,CD
Piece of Mind,Iron Maiden,CD
P.H.U.Q.,The Wildhearts,CD
Going Blank Again,Ride,CD
Strictly From Hunger,Hunger,CD
The Beatnuts,The Beatnuts,CD
Voice of the Blood,Sequentia,CD
1996,Ryuichi Sakamoto,CD
The North Star Grassman and the Ravens,Sandy Denny,CD
Here Come the Lords,Lords of the Underground,CD
Teethed Glory and Injury,Altar of Plagues,CD
Rythmes contemporains,Janko Nilovic,CD
The Tired Sounds Of,Stars of the Lid,CD
Citadel,Ne Obliviscaris,CD
Häntä koipien välissä,Leevi and the Leavings,CD
The Mountain Queen,Alquin,CD
Amplifier Worship,Boris,CD
West Side Soul,Magic Sam Blues Band,CD
Contemporary Movement,Duster,CD
Spem in alium,The Tallis Scholars / Peter Phillips,CD
The Devil's Playground,Da Koopsta Knicca,CD
Wintersun,Wintersun,CD
The Dwelling,Sabbat,CD
Blues & Roots,Charlie Mingus,CD
Ventura,Los Hermanos,CD
John Peel Sessions,The Chameleons,CD
Ruby Vroom,Soul Coughing,CD
Miles,Blu & Exile,CD
Horses,Patti Smith,CD
A Man and the Blues,Buddy Guy,CD
Out There,Eric Dolphy,CD
Dire Straits,Dire Straits,CD
Choir Concerto,Russian State Symphonic Cappella / Valery Polyansky,CD
...And Out Come the Wolves,Rancid,CD
Tapestry,Carole King,CD
Screaming for Vengeance,Judas Priest,CD
Tales of Mystery and Imagination,The Alan Parsons Project,CD
Diabolical Summoning,Sinister,CD
"Parsley, Sage, Rosemary and Thyme",Simon and Garfunkel,CD
Hybris,Änglagård,CD
Show No Mercy,Slayer,CD
Montrose,Montrose,CD
Stankonia,OutKast,CD
The Number of the Beast,Iron Maiden,CD
Róka Hasa Rádió,Thy Catafalque,CD
Pleasure to Kill,Kreator,CD
Our Mother the Mountain,Townes Van Zandt,CD
0,青葉市子 [Ichiko Aoba],CD
Hosianna Mantra,Popol Vuh,CD
Blissard,Motorpsycho,CD
Ritual de lo habitual,Jane's Addiction,CD
Blasphemy Made Flesh,Cryptopsy,CD
Symbol of Salvation,Armored Saint,CD
A Dawn to Fear,Cult of Luna,CD
Art Blakey's Jazz Messengers With Thelonious Monk,Art Blakey's Jazz Messengers With Thelonious Monk,CD
Resurrection,Common Sense,CD
Winterkaelte,Paysage d'Hiver,CD
Saxophone Colossus,Sonny Rollins,CD
Radio City,Big Star,CD
Oneirology,CunninLynguists,CD
Figure 8,Elliott Smith,CD
A Christmas Gift for You From Philles Records,Various Artists,CD
Uncle Meat,The Mothers of Invention,CD
Black Unity,Pharoah Sanders,CD
GP,Gram Parsons,CD
Cantigas do Maio,José Afonso,CD
Bass Culture,Linton Kwesi Johnson,CD
America,John Fahey,CD
Gun,Gun,CD
Illegal Business?,Mac Mall,CD
Afrociberdelia,Chico Science & Nação Zumbi,CD
The Only Truth,Morly Grey,CD
Cello-Suiten,Mstislav Rostropovich,CD
Wave Notation 1: Music for Nine Post Cards,吉村弘 [Hiroshi Yoshimura],CD
Photo-Finish,Rory Gallagher,CD
Half-Mute,Tuxedomoon,CD
Alien,Jerry Goldsmith,CD
Like a Ship... (Without a Sail),Pastor T.L. Barrett and the Youth for Christ Choir,CD
"New York, Fall 1974",Anthony Braxton,CD
"Ella Fitzgerald Sings the Duke Ellington Song Book, Vol. 1",Ella Fitzgerald with Duke Ellington and His Orchestra,CD
Teen Dream,Beach House,CD
Ga Ga Ga Ga Ga,Spoon,CD
Danzig,Danzig,CD
Kiko,Los Lobos,CD
The Godfather,Nino Rota,CD
Happy Bivouac,the pillows,CD
Skeleton Tree,Nick Cave & The Bad Seeds,CD
For Philip Guston,The California EAR Unit,CD
Thunder and Lightning,Thin Lizzy,CD
People's Instinctive Travels and the Paths of Rhythm,A Tribe Called Quest,CD
Dots and Loops,Stereolab,CD
無罪モラトリアム (Muzai moratorium),椎名林檎 [Sheena Ringo],CD
A Farewell to Kings,Rush,CD
Into the Everflow,Psychotic Waltz,CD
Ocean Beach,Red House Painters,CD
Seventh Sojourn,The Moody Blues,CD
Thelonious Alone in San Francisco,Thelonious Monk,CD
Effigy of the Forgotten,Suffocation,CD
Fresh Fruit for Rotting Vegetables,Dead Kennedys,CD
Remember the Future,Nektar,CD
Batman,Danny Elfman,CD
Clear Spot,Captain Beefheart and The Magic Band,CD
Ben,Jorge Ben,CD
3 + 3,The Isley Brothers,CD
つまんね (Tsumanne),神聖かまってちゃん [Shinsei Kamattechan],CD
Ruun,Enslaved,CD
"Symphony No. 9 ""Choral""",Berlin Philharmonic Orchestra / Herbert von Karajan / Vienna Singverein / Anna Tomowa-Sintow / Agnes Baltsa / Peter Schreier / José Van Dam,CD
On the Corner,Miles Davis,CD
ファイナルファンタジーVI (Final Fantasy VI),植松伸夫 [Nobuo Uematsu],CD
Flood,Boris,CD
Arthur or the Decline and Fall of the British Empire,The Kinks,CD
T H E,tricot,CD
Some Girls,The Rolling Stones,CD
The Biggest Thing Since Colossus,Otis Spann,CD
Invitation to Openness,Les McCann,CD
The Don Killuminati: The 7 Day Theory,Makaveli,CD
Mama's Gun,Erykah Badu,CD
K.A,Magma,CD
Jesu,Jesu,CD
Music From the Morning of the World: The Balinese Gamelan,Various Artists,CD
Sticky Fingers,The Rolling Stones,CD
Samba esquema novo,Jorge Ben,CD
And Then Nothing Turned Itself Inside-Out,Yo La Tengo,CD
Bookends,Simon & Garfunkel,CD
Die Kunst der Fuge,Evgeni Koroliov,CD
Disco Volante,Mr. Bungle,CD
A River Ain't Too Much to Love,Smog,CD
Here in After,Immolation,CD
Low-Life,New Order,CD
Henry the Human Fly,Richard Thompson,CD
British Steel,Judas Priest,CD
The Black Ark,Noah Howard,CD
Pixies at the BBC,Pixies,CD
Universal Consciousness,Alice Coltrane,CD
Natty Dread,Bob Marley & The Wailers,CD
Krigssång,Trettioåriga kriget,CD
Wrecking Ball,Emmylou Harris,CD
The Draughtsman's Contract,Michael Nyman,CD
The Magnolia Electric Co.,Magnolia Electric Co.,CD
Be,Common,CD
Cajas de música difíciles de parar,Nacho Vegas,CD
A Meeting by the River,Ry Cooder & V.M. Bhatt,CD
Dr. Octagon,Dr. Octagon,CD
The Gathering,Testament,CD
The End of Evangelion,Shiro Sagisu,CD
Contagion,Arena,CD
Pinkerton,Weezer,CD
Benefit,Jethro Tull,CD
So Far,Bob Theil,CD
Fresh,Sly & The Family Stone,CD
Road to Ruin,Ramones,CD
Dookie,Green Day,CD
Complete & Unbelievable: The Otis Redding Dictionary of Soul,Otis Redding,CD
Walls of Jericho,Helloween,CD
Family Entertainment,Family,CD
The Complete Works,Royal Concertgebouw Orchestra / Asko Ensemble / Riccardo Chailly,CD
Eternal Nightmare,Vio-Lence,CD
Pornography,The Cure,CD
Coltrane,The John Coltrane Quartette,CD
Music for Church Cleaners Vol. I and II,Áine O'Dwyer,CD
III - Tri-Logy,Kingston Wall,CD
The Art Tatum - Ben Webster Quartet,The Art Tatum-Ben Webster Quartet,CD
Gently Disturbed,Avishai Cohen Trio,CD
Fabrication Defect: Com defeito de fabricação,Tom Zé,CD
I'm a Loser,Doris Duke,CD
Mirage,Camel,CD
Alternative 4,Anathema,CD
Teenage Snuff Film,Rowland S. Howard,CD
Bridge Across Forever,Transatlantic,CD
Indiana Jones and the Last Crusade,John Williams,CD
Ship Ahoy,The O'Jays,CD
Breaking Atoms,Main Source,CD
The Stranger,Billy Joel,CD
Flying Microtonal Banana,King Gizzard and the Lizard Wizard,CD
Wish You Were Here,Pink Floyd,CD
Indecent & Obscene,Dismember,CD
Lysol,Melvins,CD
Marbles,Marillion,CD
Music for K,Tomasz Stańko Quintet,CD
The Glow Pt. 2,The Microphones,CD
Brasil,Ratos de Porão,CD
真・女神転生III Nocturne (Shin Megami Tensei III: Nocturne),目黒将司 [Shoji Meguro] / 田崎寿子 [Toshiko Tasaki] / 土屋憲一 [Kenichi Tsuchiya],CD
Omega,Morente & Lagartija Nick,CD
Radios Appear,Radio Birdman,CD
The Lonesome Crowded West,Modest Mouse,CD
Liumin,Deepchord Presents Echospace,CD
On Time,Grand Funk Railroad,CD
Animals,Pink Floyd,CD
Lô Borges,Lô Borges,CD
Secret South,16 Horsepower,CD
Eraserhead,David Lynch & Alan R. Splet,CD
Nightfall,Candlemass,CD
Chappaqua Suite,Ornette Coleman,CD
Golden Earring,Golden Earring,CD
El derecho de vivir en paz,Víctor Jara,CD
R4™ / Ridge Racer Type 4 / Direct Audio,*Namco Consumer Software Sound Team,CD
The Four Seasons,Academy of St Martin in the Fields / Neville Marriner / Alan Loveday,CD
Clarity,Jimmy Eat World,CD
Jaws,John Williams,CD
The Scream That Tore the Sky,StarGazer,CD
From Mars to Sirius,Gojira,CD
In Europe,Big Mama Thornton,CD
Black Celebration,Depeche Mode,CD
Snow,Spock's Beard,CD
Persepolis,Groupe de Recherches Musicales de la RTF,CD
World Coming Down,Type O Negative,CD
Led Zeppelin III,Led Zeppelin,CD
The Rotters' Club,Hatfield and the North,CD
Lightfoot!,Gordon Lightfoot,CD
Stained Class,Judas Priest,CD
Above the Weeping World,Insomnium,CD
Believe It,The New Tony Williams Lifetime,CD
You're Never Alone With a Schizophrenic,Ian Hunter,CD
Untitled Unmastered.,Kendrick Lamar,CD
Lateralus,Tool,CD
Ace of Spades,Motörhead,CD
Hayalet Islığı,Farazi v Kayra,CD
All American Music,Jimmie Dale & The Flatlanders,CD
Moving Pictures,Rush,CD
Three Sided Tape Volume One,Lil Ugly Mane,CD
Cabretta,Mink DeVille,CD
Angels of Distress,Shape of Despair,CD
The Time of the Oath,Helloween,CD
Slaughtersun (Crown of the Triarchy),Dawn,CD
Heaven to a Tortured Mind,Yves Tumor,CD
This Godless Endeavor,Nevermore,CD
Still Life,Van der Graaf Generator,CD
4 Balladen; Barcarolle; Fantasie,Krystian Zimerman,CD
Hamburger Concerto,Focus,CD
In the Dark,Toots & The Maytals,CD
International Thief Thief,Fela Anikulapo Kuti and the Afrika 70,CD
Gris-Gris,"Dr. John, The Night Tripper",CD
Choice Cuts,Master's Apprentices,CD
Ghosts,Strawbs,CD
Inferno,Metamorfosi,CD
Get Lost,The Magnetic Fields,CD
Amarok,Mike Oldfield,CD
Microphones in 2020,The Microphones,CD
Rain Upon the Impure,The Ruins of Beverast,CD
Mclusky Do Dallas,Mclusky,CD
Somewhere Out in Space,Gamma Ray,CD
Critical Beatdown,Ultramagnetic MC's,CD
On the Run,Tommy Wright III,CD
"Rip, Rig and Panic",The Roland Kirk Quartet,CD
A Hard Day's Night,The Beatles,CD
Epica,Kamelot,CD
Müptezhel,Ezhel,CD
Black Sabbath,Black Sabbath,CD
Street of Dreams,Grant Green,CD
E seu violão,Caymmi,CD
Felt Mountain,Goldfrapp,CD
Symphonie No. 9 / Moldau,Wiener Philharmoniker / Herbert von Karajan,CD
First Utterance,Comus,CD
Balls to the Wall,Accept,CD
The World of Cecil Taylor,Cecil Taylor,CD
"24 Préludes, Op. 28; Préludes Nr. 25, Op. 45; Nr. 26, Op. Posth.",Martha Argerich,CD
Monuments to Thieves,His Hero Is Gone,CD
Pelagial,The Ocean,CD
Jacques Brel [Ces gens-là],Jacques Brel,CD
Deus Ex: Game of the Year Edition,Alexander Brandon / Michiel van den Bos,CD
Street Survivors,Lynyrd Skynyrd,CD
The Rocky Horror Picture Show,Various Artists,CD
The Garden of Jane Delawney,Trees,CD
Hell,James Brown,CD
Still,Joy Division,CD
Time Out,The Dave Brubeck Quartet,CD
Welcome My Last Chapter,Vinterland,CD
Baazaar,Jerzy Milian,CD
Amoroso,João Gilberto,CD
The Holy Bible,Manic Street Preachers,CD
Today!,Skip James,CD
Tracy Chapman,Tracy Chapman,CD
Time Machines,Time Machines,CD
"Orphans: Brawlers, Bawlers & Bastards",Tom Waits,CD
Biglietto per l'Inferno,Biglietto per l'Inferno,CD
Tuesday Wonderland,e.s.t.,CD
Go,Dexter Gordon,CD
Eastern Sounds,Yusef Lateef,CD
To Mega Therion,Celtic Frost,CD
Slowly We Rot,Obituary,CD
Pat Metheny Group,Pat Metheny Group,CD
Koniec żartów,Łona,CD
Achtung Baby,U2,CD
5,J.J. Cale,CD
Energy,Operation Ivy,CD
Workin' With the Miles Davis Quintet,The Miles Davis Quintet,CD
It Was Written,Nas,CD
Chocolate and Cheese,Ween,CD
Southernplayalisticadillacmuzik,OutKast,CD
Turkish Women at the Bath,Pete La Roca,CD
Speaking in Tongues,Talking Heads,CD
Edu Lôbo [Missa breve],Edu Lôbo,CD
Fiu fiu...,Lech Janerka,CD
Tyranny and Mutation,The Blue Öyster Cult,CD
"Letzte Tage, Letzte Nächte",Popol Vuh,CD
となりのトトロ (Tonari no Totoro),久石譲 [Joe Hisaishi],CD
"Folk, Blues & Beyond...",Davy Graham,CD
Haibane-Renmei: Hanenone,大谷幸 [Ko Otani],CD
Of Queues and Cures,National Health,CD
UNDERTALE,"Toby ""Radiation"" Fox",CD
Even in the Quietest Moments...,Supertramp,CD
He Miss Road,Fẹla Ransome-Kuti and The Africa 70,CD
Evolution,Grachan Moncur III,CD
Звезда,Дельфин [Dolphin],CD
Eureka,Jim O'Rourke,CD
The River,Ali Farka Touré,CD
A Kiss in the Dreamhouse,Siouxsie and The Banshees,CD
Trick,Alex G,CD
Too Far to Care,Old 97's,CD
Micah P. Hinson and the Gospel of Progress,Micah P. Hinson,CD
The Lioness,Songs: Ohia,CD
Sechs Suiten für Violoncello Solo BWV 1007-1012,Pierre Fournier,CD
"Ashes 2 Ashes, Dust 2 Dust",Tommy Wright III,CD
Rossz csillag alatt született,Venetian Snares,CD
Come My Fanatics...,Electric Wizard,CD
Nothing,Meshuggah,CD
Supermodified,Amon Tobin,CD
Koyaanisqatsi,Philip Glass,CD
Exercises in Futility,Mgła,CD
Perfect From Now On,Built to Spill,CD
Repetition,Unwound,CD
Rua,Clann Zú,CD
All 'n All,Earth Wind & Fire,CD
Seven Churches,Possessed,CD
Litania: Music of Krzysztof Komeda,Tomasz Stanko Septet,CD
Cargo,Cargo,CD
Hittin' the Note,The Allman Brothers Band,CD
O.gród K.oncentracyjny (dwa dni później),Świetliki,CD
Lust for Life,Iggy Pop,CD
Right Now!,Jackie McLean,CD
Okie,J.J. Cale,CD
The Pleasure Principle,Gary Numan,CD
Willisau (Quartet) 1991,Anthony Braxton,CD
Blue Afternoon,Tim Buckley,CD
"Tachibana, Vol. 1",Tohru Aizawa Quartet,CD
Visitation,Pekka Pohjola,CD
The Who Sell Out,The Who,CD
Die Kunst der Fuge,Tatiana Nikolayeva,CD
Домой!,Янка [Yanka],CD
Study in Brown,Clifford Brown and Max Roach,CD
Chapter One: Latin America,Gato Barbieri,CD
One Nation Under a Groove,Funkadelic,CD
Sweet Old World,Lucinda Williams,CD
Of the Sun + Moon,Sacred Blade,CD
Murmuüre,Murmuüre,CD
To See the Next Part of the Dream,파란노을 [Parannoul],CD
Meat Puppets II,Meat Puppets,CD
"""Born Into Trouble as the Sparks Fly Upward.""",The Silver Mt. Zion Memorial Orchestra & Tra-La-La Band,CD
Samurai Champloo Music Record: Departure,Nujabes / Fat Jon,CD
Covenant,Morbid Angel,CD
Lupe Fiasco's Food & Liquor,Lupe Fiasco,CD
Polygondwanaland,King Gizzard and the Lizard Wizard,CD
"""X""",Klaus Schulze,CD
Thousand Knives of Ryuichi Sakamoto,Ryuichi Sakamoto,CD
Игра с огнем,Ария [Aria],CD
Angel's Egg,Gong,CD
Darkness Descends,Dark Angel,CD
ATLiens,OutKast,CD
Pampered Menial,Pavlov's Dog,CD
Into the Enchanted Chamber,Timeless Miracle,CD
In the Court of the Crimson King,King Crimson,CD
Kuře v hodinkách,Flamengo,CD
All We Love We Leave Behind,Converge,CD
Veritas Diaboli manet in aeternum,Deathspell Omega / S.V.E.S.T.,CD
Looks Like Rain,Mickey Newbury,CD
Teens of Denial,Car Seat Headrest,CD
Explorations,Bill Evans Trio,CD
If Beale Street Could Talk,Nicholas Britell,CD
Welcome to Hell,Venom,CD
Images and Words,Dream Theater,CD
Pleased to Meet Me,The Replacements,CD
La La Land,Justin Hurwitz,CD
Hair of the Dog,Nazareth,CD
Never Mind the Bollocks Here's the Sex Pistols,Sex Pistols,CD
Slapp Happy or Slapp Happy,Slapp Happy,CD
drukqs,Aphex Twin,CD
Transient,Gaelle,CD
Mob Rules,Black Sabbath,CD
VA-11 HALL-A: Second Round,Garoad,CD
Nosferatu: Brüder des Schattens - Söhne des Lichts,Popol Vuh,CD
Tristan und Isolde,Wilhelm Furtwängler / Ludwig Suthaus / Kirsten Flagstad,CD
Coping With the Urban Coyote,Unida,CD
808s & Heartbreak,Kanye West,CD
Sonny's Dream (Birth of the New Cool),The Sonny Criss Orchestra,CD
From Gardens Where We Feel Secure,Virginia Astley,CD
The World of Genius Hans,Moving Gelatine Plates,CD
Crack the Skye,Mastodon,CD
Easter,Patti Smith Group,CD
Aurora,平沢進 [Susumu Hirasawa],CD
Ceux du dehors,Univers Zéro,CD
L'apocalypse des animaux,Vangelis Papathanassiou,CD
Stage Four,Touché Amoré,CD
Q: Are We Not Men? A: We Are Devo!,Devo,CD
Getz / Gilberto,Stan Getz & João Gilberto featuring Antônio Carlos Jobim,CD
No One Can Do It Better,The D.O.C.,CD
Loki?,Arnaldo Baptista,CD
Tata Kazika,Kult,CD
Alenar,Maria del Mar Bonet,CD
Good for Your Soul,Oingo Boingo,CD
Have Moicy!,"Michael Hurley, The Unholy Modal Rounders, Jeffrey Fredericks & The Clamtones",CD
It's Time,Max Roach and His Chorus and Orchestra,CD
Chega de saudade,João Gilberto,CD
加爾基 精液 栗ノ花 (Kalk samen kuri no hana),椎名林檎 [Sheena Ringo],CD
Spirit Phone,Lemon Demon,CD
Trust Us,Motorpsycho,CD
Time,ELO,CD
Pop Crimes,Rowland S. Howard,CD
Underwater Moonlight,The Soft Boys,CD
Irrlicht,Klaus Schulze,CD
Frames,Oceansize,CD
Cave Story,Studio Pixel,CD
The Sinking of the Titanic,Gavin Bryars,CD
LC,The Durutti Column,CD
The Big Beat,Art Blakey & The Jazz Messengers,CD
Wee Tam & The Big Huge,The Incredible String Band,CD
Days of Future Passed,The Moody Blues With The London Festival Orchestra,CD
Today,Galaxie 500,CD
Cello Concerto; Sea Pictures,London Symphony Orchestra / John Barbirolli / Jacqueline du Pré / Janet Baker,CD
Don Cherry,Don Cherry,CD
Slave to the Grind,Skid Row,CD
Mythical & Magical,Pagan Altar,CD
Funky Kingston,Toots & The Maytals,CD
Hex,Bark Psychosis,CD
Filth,Swans,CD
Low Estate,Sixteen Horsepower,CD
Transient Random-Noise Bursts With Announcements,Stereolab,CD
Love in Us All,Pharoah Sanders,CD
Weezer [Blue Album],Weezer,CD
Wheels of Steel,Saxon,CD
War,U2,CD
The ArchAndroid,Janelle Monáe,CD
Salvation,Cult of Luna,CD
The Art of Navigating by the Stars,Sieges Even,CD
A mulher do fim do mundo,Elza,CD
Metal Heart,Accept,CD
Mezzanine,Massive Attack,CD
Sketches of Spain,Miles Davis,CD
The Best Part,J-Live,CD
Still,Nine Inch Nails,CD
Ellington Uptown,Duke Ellington and His Orchestra,CD
Love Ire & Song,Frank Turner,CD
Re,Café Tacvba,CD
Taj Mahal,Taj Mahal,CD
I Am,"Earth, Wind & Fire",CD
Somewhere in Time,Iron Maiden,CD
Wahoo!,Eero Koivistoinen Music Society,CD
The Satanist,Behemoth,CD
Teatro,Willie Nelson,CD
Y,The Pop Group,CD
For You,山下達郎 [Tatsuro Yamashita],CD
The Seaside,Cardiacs,CD
Fatal Portrait,King Diamond,CD
Phaedra,Tangerine Dream,CD
Paint a Picture,Fantasy,CD
G_d's Pee AT STATE'S END!,Godspeed You! Black Emperor,CD
Tana Talk 3,Benny the Butcher,CD
Rumours,Fleetwood Mac,CD
Graduation,Kanye West,CD
Are You Experienced,The Jimi Hendrix Experience,CD
Isa,Enslaved,CD
Marek Grechuta & Anawa,Marek Grechuta & Anawa,CD
Lord Willin',Clipse,CD
Rock Bottom,Robert Wyatt,CD
Bath,maudlin of the Well,CD
Razamanaz,Nazareth,CD
Vib-Ribbon,Laugh & Peace,CD
Stardust We Are,The Flower Kings,CD
Intermodulation,Bill Evans & Jim Hall,CD
Wildhoney,Tiamat,CD
Enter the Wu-Tang (36 Chambers),Wu-Tang Clan,CD
Through Silver in Blood,Neurosis,CD
City of Caterpillar,City of Caterpillar,CD
The Thing to Do,Blue Mitchell,CD
The Natural Bridge,Silver Jews,CD
First Take,Roberta Flack,CD
Secos & Molhados,Secos & Molhados,CD
Lanquidity,Sun Ra,CD
Historia podwodna,Lech Janerka,CD
Confesiones de invierno,Sui Generis,CD
The Delfonics,The Delfonics,CD
Trans Europa Express,Kraftwerk,CD
Black Love,The Afghan Whigs,CD
Enter the Realm of Death,Runemagick,CD
Jerusalem,Sleep,CD
Nursery Cryme,Genesis,CD
H to He Who Am the Only One,Van der Graaf Generator,CD
Forlatt,Vàli,CD
Lucio Dalla,Lucio Dalla,CD
A Third of a Lifetime,Three Man Army,CD
A Charlie Brown Christmas,Vince Guaraldi,CD
Pet Sounds,The Beach Boys,CD
Children of God,Swans,CD
The Pink Panther,Henry Mancini,CD
Amarcord,Nino Rota,CD
Didn't It Rain,Songs: Ohia,CD
Stick-Up!,Bobby Hutcherson,CD
Wishbone Ash,Wishbone Ash,CD
Paris 1919,John Cale,CD
Trilogie de la mort,Eliane Radigue,CD
Deathcult for Eternity: The Triumph,The Chasm,CD
Deltron 3030,Deltron 3030,CD
Urban Hymns,The Verve,CD
Sulle corde di Aries,Battiato,CD
Death Walks Behind You,Atomic Rooster,CD
Black Saint,Billy Harper,CD
Hell on Earth,Mobb Deep,CD
The Cars,The Cars,CD
Pescado 2,Pescado Rabioso,CD
Mercurial World,Magdalena Bay,CD
Gentleman,Fela Ransome Kuti & The Afrika 70,CD
Quadrophenia,The Who,CD
666,Aphrodite's Child,CD
Mirror of Souls,Theocracy,CD
Somewhere Far Beyond,Blind Guardian,CD
Veneno,Veneno,CD
Otis Blue: Otis Redding Sings Soul,Otis Redding,CD
Emitt Rhodes,Emitt Rhodes,CD
Heralding: The Fireblade,Falkenbach,CD
Five Leaves Left,Nick Drake,CD
Reach Out,Four Tops,CD
Undeceived,Extol,CD
Twisted Into Form,Forbidden,CD
The Moon Is a Dead World,Gospel,CD
Shiny Beast (Bat Chain Puller),Captain Beefheart and The Magic Band,CD
Split,Groundhogs,CD
Masterpieces by Ellington,Duke Ellington and His Orchestra,CD
"Drumming; Music for Mallet Instruments, Voices and Organ; Six Pianos",Steve Reich & Musicians,CD
Кино (Чёрный альбом),Кино [Kino],CD
Hall of the Mountain Grill,Hawkwind,CD
Youth of America,Wipers,CD
Die Mensch-Maschine,Kraftwerk,CD
The Individualism of Gil Evans,Gil Evans,CD
Organized Konfusion,Organized Konfusion,CD
A Sombre Dance,Estatic Fear,CD
Bram Stoker's Dracula,Wojciech Kilar,CD
Una más (One More Time),Kenny Dorham,CD
Perdition City,Ulver,CD
OIL OF EVERY PEARL'S UN-INSIDES,SOPHIE,CD
The Rise and Fall of Ziggy Stardust and the Spiders From Mars,David Bowie,CD
Antisocialites,Alvvays,CD
Terminal Redux,Vektor,CD
A German Requiem,Philharmonia Orchestra / Philharmonia Chorus / Otto Klemperer / Elisabeth Schwarzkopf / Dietrich Fischer-Dieskau,CD
One Size Fits All,Frank Zappa and The Mothers of Invention,CD
Roman Candle,Elliott Smith,CD
Ogum Xangô,Gil e Jorge,CD
Bizarre Ride II the Pharcyde,The Pharcyde,CD
放課後ティータイムII (Ho-kago Tea Time Second),放課後ティータイム [Hokago Tea Time],CD
Neon Golden,The Notwist,CD
Liege & Lief,Fairport Convention,CD
Excitable Boy,Warren Zevon,CD
Yellow Magic Orchestra,Yellow Magic Orchestra,CD
革命京劇 (Revolutionary Pekinese Opera),Ground-Zero,CD
Blues-ette,Curtis Fuller's Quintet,CD
DOOM,Mick Gordon,CD
2012 - 2017,Against All Logic,CD
Harmony in Ultraviolet,Tim Hecker,CD
American IV: The Man Comes Around,Johnny Cash,CD
Realm of Chaos,Bolt Thrower,CD
Dear You,Jawbreaker,CD
No Love Deep Web,Death Grips,CD
Songs for Drella,Lou Reed & John Cale,CD
In Hearing of Atomic Rooster,Atomic Rooster,CD
Scheherazade,Chicago Symphony / Fritz Reiner,CD
Dirty Mind,Prince,CD
Off the Wall,Michael Jackson,CD
The Black Saint and the Sinner Lady,Mingus,CD
Per un pugno di dollari,Ennio Morricone,CD
Mabool: The Story of the Three Sons of Seven,Orphaned Land,CD
Ghosts of the Great Highway,Sun Kil Moon,CD
Music of My Mind,Stevie Wonder,CD
Sowiesoso,Cluster,CD
Felt,Felt,CD
I Can Hear the Heart Beating as One,Yo La Tengo,CD
Likferd,Windir,CD
Crack-Up,Fleet Foxes,CD
Death Certificate,Ice Cube,CD
NieR Gestalt & RepliCant,"岡部啓一 [Keiichi Okabe], 石濱翔 [Kakeru Ishihama], 帆足圭吾 [Keigo Hoashi] & 隆文西村 [Takafumi Nishimura]",CD
El Corazón,Steve Earle,CD
No More Shall We Part,Nick Cave and The Bad Seeds,CD
Script of the Bridge,The Chameleons,CD
6 Feet Deep,Gravediggaz,CD
Little Earthquakes,Tori Amos,CD
Doopee Time,Doopees,CD
Just a Poke,Sweet Smoke,CD
The Headless Children,W.A.S.P.,CD
Quattro pezzi per orchestra; Anahit; Uaxuctum,Orchestre et Chœur de la Radio-Télévision Polonaise de Cracovie / Jürg Wyttenbach / Carmen Fournier / Tristan Murail,CD
Stranger in the Alps,Phoebe Bridgers,CD
Colors,Between the Buried and Me,CD
"I, Jonathan",Jonathan Richman,CD
輪廻交響楽 (Ecophony Rinne),芸能山城組 [Geinoh Yamashirogumi],CD
Curtains,Tindersticks,CD
Takin' Off,Herbie Hancock,CD
Sagas,Equilibrium,CD
The Sacrilege of Fatal Arms,Devil Doll,CD
The Grand Wazoo,The Mothers,CD
Brown Sugar,D'Angelo,CD
janet.,Janet Jackson,CD
No World Order,Gamma Ray,CD
Plants and Birds and Rocks and Things,The Loud Family,CD
Pop,GAS,CD
Oceanborn,Nightwish,CD
With Hearts Toward None,Mgła,CD
Voimasta ja kunniasta,Moonsorrow,CD
Symphonie No. 4,Wiener Philharmoniker / Carlos Kleiber,CD
Caifanes Vol. 2 [El Diablito],Caifanes,CD
Interstellar Space,John Coltrane,CD
Oceanic,Isis,CD
Black Hole / Blank Canvas,Motorpsycho,CD
Love Over Gold,Dire Straits,CD
Horse Stories,Dirty Three,CD
The Great Cold Distance,Katatonia,CD
Helvete,Nasum,CD
Samurai,Samurai,CD
A Pagan Place,The Waterboys,CD
Please,Pet Shop Boys,CD
Diablo II: Soundtrack,Matt Uelmen,CD
The Elder Scrolls III: Morrowind,Jeremy Soule,CD
...And the Circus Leaves Town,Kyuss,CD
Soul Food,Goodie Mob,CD
Damaged,Black Flag,CD
Silent Hill 4 -The Room-,山岡晃 [Akira Yamaoka],CD
The Sky Moves Sideways,Porcupine Tree,CD
Slowdive,Slowdive,CD
The Woods,Sleater-Kinney,CD
Plux Quba,Nuno Canavarro,CD
An Empty Bliss Beyond This World,The Caretaker,CD
Daughter of Darkness,Natural Snow Buildings,CD
Carol of Harvest,Carol of Harvest,CD
Drinking Songs,Matt Elliott,CD
Those Once Loyal,Bolt Thrower,CD
Violent Femmes,Violent Femmes,CD
Multiple,Joe Henderson,CD
Taking Over,Overkill,CD
No Control,Bad Religion,CD
Hard Normal Daddy,Squarepusher,CD
Uwaga! Jedzie tramwaj,Lenny Valentino,CD
OFF,Alias Conrad Coldwood,CD
Misery Index,Assück,CD
Endless,Frank Ocean,CD
Lavender Country,Lavender Country,CD
"The Cook, the Thief, His Wife & Her Lover",Michael Nyman,CD
Heavyweight Dub Champion,Scientist,CD
Wish Someone Would Care,Irma Thomas,CD
Climax,Various Artists,CD
Bandwagonesque,Teenage Fanclub,CD
Echoes of a Friend,McCoy Tyner,CD
Blue Lines,Massive Attack,CD
L'imprudence,Alain Bashung,CD
La Biblia,Vox Dei,CD
Songs the Lord Taught Us,The Cramps,CD
Blood Sugar Sex Magik,Red Hot Chili Peppers,CD
Art Blakey and The Jazz Messengers [Moanin'],Art Blakey and The Jazz Messengers,CD
Variations Goldberg BWV 988,Pierre Hantaï,CD
I Am a Bird Now,Antony and the Johnsons,CD
The All Seeing Eye,Wayne Shorter,CD
Awaken the Guardian,Fates Warning,CD
The Tenth Sub Level of Suicide,Leviathan,CD
Angel Witch,Angel Witch,CD
Tutti morimmo a stento,Fabrizio De André,CD
Carmina Burana,Orchester der Deutschen Oper Berlin / Chor der Deutschen Oper Berlin / Eugen Jochum / Gundula Janowitz / Gerhard Stolze / Dietrich Fischer-Dieskau,CD
This Nation's Saving Grace,The Fall,CD
Is This Real?,Wipers,CD
Townes Van Zandt,Townes Van Zandt,CD
Fröm the Fjörds,Legend,CD
Juju,Siouxsie and The Banshees,CD
Have One on Me,Joanna Newsom,CD
I'm in Your Mind Fuzz,King Gizzard & the Lizard Wizard,CD
From Sleep,Max Richter,CD
Posłuchaj to do ciebie,Kult,CD
Minecraft: Volume Beta,C418,CD
Odessey and Oracle,The Zombies,CD
Heartbreaker,Free,CD
Breathe Awhile,Arcadium,CD
De Stijl,The White Stripes,CD
Mogwai Young Team,Mogwai,CD
Last One on Earth,Asphyx,CD
Bare Knuckle,古代祐三 [Yuzo Koshiro],CD
Music From The Adventures of Pete & Pete,Polaris,CD
The '59 Sound,The Gaslight Anthem,CD
Blod-draum,Molested,CD
Deicide,Deicide,CD
Further Definitions,Benny Carter and His Orchestra,CD
Still Life,Opeth,CD
First and Last and Always,The Sisters of Mercy,CD
The Noise Made by People,Broadcast,CD
Badmotorfinger,Soundgarden,CD
Porozumienie ponad podziałami,Kazik na Żywo,CD
Rosemary's Baby,Christopher Komeda,CD
Ode to Io,Lowrider,CD
Super Mario Galaxy,Mario Galaxy Orchestra,CD
My Favorite Things,John Coltrane,CD
Gal Costa,Gal Costa,CD
Captain Marvel,Stan Getz,CD
Open the Gates,Manilla Road,CD
To Bring You My Love,PJ Harvey,CD
"Love, Love",Julian Priester Pepo Mtoto,CD
Muswell Hillbillies,The Kinks,CD
The Voice of the Eagle,Robbie Basho,CD
Baduizm,Erykah Badu,CD
The Congregation,Leprous,CD
Jaco Pastorius,Jaco Pastorius,CD
Bergtatt: Et eeventyr i 5 capitler,Ulver,CD
Judgement,Anathema,CD
Somebody Loan Me a Dime,Fenton Robinson,CD
Another Music in a Different Kitchen,Buzzcocks,CD
Follow the Leader,Eric B. & Rakim,CD
World Extermination,Insect Warfare,CD
Whut? Thee Album,Redman,CD
Rubycon,Tangerine Dream,CD
?,Neal Morse,CD
冀西南林路行 (Inside the Cable Temple),万能青年旅店 [Omnipotent Youth Society],CD
Divine Discontent,Sixpence None the Richer,CD
The Paul Butterfield Blues Band,The Paul Butterfield Blues Band,CD
Singles,Various Artists,CD
Cold Roses,Ryan Adams & The Cardinals,CD
The Clown,Charles Mingus,CD
Hardworlder,Slough Feg,CD
Procession to the Infraworld,The Chasm,CD
Reckless Burning,Jesse Sykes & The Sweet Hereafter,CD
Juju,Wayne Shorter,CD
The Visitor,Arena,CD
Crimson II,Edge of Sanity,CD
Moving Gelatine Plates,Moving Gelatine Plates,CD
Kesto (234.48:4),Pan Sonic,CD
Street Ready,Leatherwolf,CD
Since I Left You,The Avalanches,CD
Isn't Anything,My Bloody Valentine,CD
Blow by Blow,Jeff Beck,CD
ማሕሙድ ፡ ኣሕመድ ፡ (Mahmoud Ahmed),ማሕሙድ ኣሕመድ [Mahmoud Ahmed],CD
Muddy Waters,Redman,CD
A Blaze in the Northern Sky,Darkthrone,CD
Aion,Dead Can Dance,CD
Eros,Dün,CD
"Hissing Fauna, Are You the Destroyer?",of Montreal,CD
Argybargy,Squeeze,CD
Fifth Dimension,The Byrds,CD
John Larkin,John Larkin,CD
Wildlife,La Dispute,CD
Maiden Voyage,Herbie Hancock,CD
The Salmon of Doubt,Coin locker kid,CD
Nemesis Divina,Satyricon,CD
Strictly Business,EPMD,CD
Pierced From Within,Suffocation,CD
Meditations,John Coltrane,CD
Sister,Sonic Youth,CD
Prose combat,MC Solaar,CD
Suicide,Stray,CD
For Musicians Only,"Stan Getz, Dizzy Gillespie & Sonny Stitt",CD
Negro é lindo,Jorge Ben,CD
Hvis lyset tar oss,Burzum,CD
The Mind Is a Terrible Thing to Taste,Ministry,CD
Dies Irae,Devil Doll,CD
Muzyka klasyczna,Pezet-Noon,CD
Absolutely Free,The Mothers of Invention,CD
Cantar,Gal Costa,CD
Return of the Boom Bap,KRS-One,CD
Prepare Thyself to Deal With a Miracle,Rahsaan Roland Kirk,CD
You Forgot It in People,Broken Social Scene,CD
Retriever,Ron Sexsmith,CD
Occasional Rain,Terry Callier,CD
Star Wars Episode I: The Phantom Menace,John Williams,CD
Center of Attention,Pete Rock & InI,CD
Dare Iz a Darkside,Redman,CD
Les stances à Sophie,Art Ensemble of Chicago,CD
Spirit the Earth Aflame,Primordial,CD
Lightning to the Nations,Diamond Head,CD
Songs of Love and Hate,Godflesh,CD
Mista Thug Isolation,Lil Ugly Mane,CD
Deep Listening,"Pauline Oliveros, Stuart Dempster & Panaiotis",CD
Graves of the Archangels,Dead Congregation,CD
Vheissu,Thrice,CD
Warrior on the Edge of Time,Hawkwind,CD
Koyaanisqatsi,Philip Glass,CD
The Mountain,Steve Earle & The Del McCoury Band,CD
Effloresce,Oceansize,CD
As the Weird Travel On,Deceased...,CD
Down Colorful Hill,Red House Painters,CD
A Night in Tunisia,Art Blakey & The Jazz Messengers,CD
Tri repetae,Autechre,CD
Vivisect VI,Skinny Puppy,CD
新しい日の誕生 (Atarashī hi no tanjō),２８１４,CD
Ashes Against the Grain,Agalloch,CD
Spilt Milk,Jellyfish,CD
Nighttime Birds,The Gathering,CD
Terrible Certainty,Kreator,CD
Symphonie Nr.5,Wiener Philharmoniker / Carlos Kleiber,CD
'Allelujah! Don't Bend! Ascend!,Godspeed You! Black Emperor,CD
Flygod,Westside Gunn,CD
The Social Network,Trent Reznor and Atticus Ross,CD
Camel,Camel,CD
Heyday,The Church,CD
Nocel,Furia,CD
"Ptah, the El Daoud",Alice Coltrane,CD
Tear Gas,Tear Gas,CD
Belonging,"Jan Garbarek, Keith Jarrett, Palle Danielsson & Jon Christensen",CD
Whatever and Ever Amen,Ben Folds Five,CD
Larks' Tongues in Aspic,King Crimson,CD
Houses of the Holy,Led Zeppelin,CD
Picchio dal Pozzo,Picchio dal Pozzo,CD
Befriended,The Innocence Mission,CD
Let Freedom Ring,Jackie McLean,CD
Sound,Roscoe Mitchell Sextet,CD
The Old Kit Bag,Richard Thompson,CD
Comment te dire adieu,Françoise Hardy,CD
"Fas – Ite, maledicti, in ignem aeternum",Deathspell Omega,CD
Space Shanty,Khan,CD
Control,Janet Jackson,CD
Clandestine,Entombed,CD
A Distant Thunder,Helstar,CD
Rockin' the Suburbs,Ben Folds,CD
Kensington Blues,Jack Rose,CD
OM,Negură Bunget,CD
The Bends,Radiohead,CD
Never for Ever,Kate Bush,CD
Cigarette Smoke Phantom,Something Like Elvis,CD
Inferno,Motörhead,CD
Stormcrowfleet,Skepticism,CD
No Heavy Petting,UFO,CD
Mass Romantic,The New Pornographers,CD
Looking In,Savoy Brown,CD
"Javanese Court Gamelan From the Pura Paku Alaman, Jogyakarta",K.R.T. Wasitodiningrat,CD
Alice in Hell,Annihilator,CD
A Hard Road,John Mayall and The Bluesbreakers,CD
Blast From the Past,Gamma Ray,CD
"Yasmina, a Black Woman",Archie Shepp,CD
Transcendence Into the Peripheral,diSEMBOWELMENT,CD
(I'm) Stranded,The Saints,CD
Nuevo día,Lole y Manuel,CD
Night Time,Killing Joke,CD
The Greatest Story Ever Told,The Lawrence Arms,CD
John Wesley Harding,Bob Dylan,CD
Purple Mountains,Purple Mountains,CD
Bare Nuckle II,古代祐三 [Yuzo Koshiro],CD
Morningrise,Opeth,CD
Brothers in Arms,Dire Straits,CD
Da pacem,Estonian Philharmonic Chamber Choir / Paul Hillier,CD
Celeste,Lena Raine,CD
It Might as Well Be Swing,"Frank Sinatra, Count Basie and His Orchestra",CD
The Late Great Townes Van Zandt,Townes Van Zandt,CD
Focus II,Focus,CD
Miłość w czasach popkultury,Myslovitz,CD
Downward Is Heavenward,Hum,CD
II: Crush the Insects,Reverend Bizarre,CD
In It for the Money,Supergrass,CD
Группа крови,Кино [Kino],CD
King Bee,Muddy Waters,CD
The Henry Cow Legend,Henry Cow,CD
Mother,"Keiichi Suzuki, Hirokazu Tanaka",CD
The Sanity Annex,Sonic Sum,CD
TNT,Tortoise,CD
Transformer,Lou Reed,CD
Skyforger,Amorphis,CD
Second Winter,Johnny Winter,CD
Hear Nothing See Nothing Say Nothing,Discharge,CD
Beneath the Remains,Sepultura,CD
Bicho,Caetano Veloso,CD
Casino,Al Di Meola,CD
Jazz Meets India,Dewan Motihar Trio / Irène Schweizer Trio / Manfred Schoof / Barney Wilen,CD
Fishscale,Ghostface Killah,CD
"Lonesome, On'ry and Mean",Waylon Jennings,CD
Deus Ex: Human Revolution,Michael McCann,CD
National Health,National Health,CD
Zombie,Fela Anikulapo Kuti and Afrika 70,CD
None So Vile,Cryptopsy,CD
Écailles de lune,Alcest,CD
Как я стал предателем,АукцЫон,CD
Aion,CMX,CD
Doggystyle,Snoop Doggy Dogg,CD
Calling Card,Rory Gallagher,CD
With a Little Help From My Friends,Joe Cocker,CD
Veedon Fleece,Van Morrison,CD
Accident of Birth,Bruce Dickinson,CD
Grievous Angel,Gram Parsons,CD
The Silver Tongued Devil and I,Kris Kristofferson,CD
Marrow of the Spirit,Agalloch,CD
Post,Björk,CD
Who Will Cut Our Hair When We're Gone?,The Unicorns,CD
攻殻機動隊: Stand Alone Complex O.S.T. (Ghost in the Shell: Stand Alone Complex O.S.T.),菅野よう子 [Yoko Kanno],CD
Pandemonium,Killing Joke,CD
Billion Dollar Babies,Alice Cooper,CD
Dear Catastrophe Waitress,Belle & Sebastian,CD
Miles in the Sky,Miles Davis,CD
Iron Man,Eric Dolphy,CD
Forever Changes,Love,CD
Shock Troops,Cock Sparrer,CD
Strawberry Jam,Animal Collective,CD
Stranglers IV (Rattus Norvegicus),The Stranglers,CD
So,Peter Gabriel,CD
The Eye,King Diamond,CD
Inhale/Exhale,Nasum,CD
Rising,Rainbow,CD
Things We Lost in the Fire,Low,CD
Halloween III: Season of the Witch,John Carpenter & Alan Howarth,CD
Enjoy Eternal Bliss,Yndi Halda,CD
Phantom Thread,Jonny Greenwood,CD
Trois couleurs: Bleu,Zbigniew Preisner,CD
Yèkatit: Ethio Jazz,Mulatu Astatke featuring Fekade Amde Maskal,CD
Achievement,pilotredsun,CD
#1 Record,Big Star,CD
Ambient 4: Isolationism,Various Artists,CD
mikgazer vol.1,Various Artists,CD
Zauberberg,GAS,CD
Colossal Youth,Young Marble Giants,CD
Most Things Haven't Worked Out,Junior Kimbrough,CD
Satanic Panic in the Attic,of Montreal,CD
The Impossible Kid,Aesop Rock,CD
Sadness Will Prevail,Today Is the Day,CD
Angel of Salvation,Galneryus,CD
Play the Blues,Buddy Guy & Junior Wells,CD
Hana-bi,久石譲 [Joe Hisaishi],CD
Very,Pet Shop Boys,CD
"Stunts, Blunts & Hip Hop",Diamond and The Psychotic Neurotics,CD
Koi no yokan,Deftones,CD
Illadelph Halflife,The Roots,CD
Lemuria,Therion,CD
One,Neal Morse,CD
Beauty Reaps the Blood of Solitude,Nature and Organisation,CD
The Mack,Willie Hutch,CD
Miles Smiles,Miles Davis Quintet,CD
Absent Friends,The Divine Comedy,CD
Fox Confessor Brings the Flood,Neko Case,CD
Jet Set Radio Future (ジェットセットラジオフューチャー),長沼英樹 [Hideki Naganuma],CD
Vulnicura,Björk,CD
Killer,Alice Cooper,CD
Black Woman,Sonny Sharrock,CD
Taken by Force,Scorpions,CD
Murder Ballads,Nick Cave and The Bad Seeds,CD
Wiosna Ludu,Kapela ze Wsi Warszawa,CD
Miami,The Gun Club,CD
Night Beat,Sam Cooke,CD
Rumor and Sigh,Richard Thompson,CD
Dawn of Possession,Immolation,CD
The Least We Can Do Is Wave to Each Other,Van der Graaf Generator,CD
The Velvet Underground & Nico,The Velvet Underground & Nico,CD
Cosa nuestra,Willie Colón,CD
Sea Son,Secret Oyster,CD
Searching for the Young Soul Rebels,Dexys Midnight Runners,CD
Power Plant,Gamma Ray,CD
In Camera,Peter Hammill,CD
Musas Vol. 2,Natalia Lafourcade,CD
The Raven That Refused to Sing (And Other Stories),Steven Wilson,CD
Some Rap Songs,Earl Sweatshirt,CD
Nocturnal,Heltah Skeltah,CD
The Faith / Void,The Faith / Void,CD
Die Kunst der Fuge,Keller Quartett,CD
Art Pepper Meets the Rhythm Section,Art Pepper,CD
Requiem: Mezzo forte,Virgin Black,CD
Infamous Angel,Iris DeMent,CD
Shuffering and Shmiling,Fela Anikulapo Kuti and the Afrika 70,CD
Kimono My House,Sparks,CD
Into the Grave,Grave,CD
From Wisdom to Hate,Gorguts,CD
Mingus Mingus Mingus Mingus Mingus,Charles Mingus,CD
...And Justice for All,Metallica,CD
Cry Tuff Dub Encounter Chapter III,Prince Far-I and The Arabs,CD
Take Me to Your Leader,King Geedorah,CD
Blood on the Tracks,Bob Dylan,CD
Somewhere City,Origami Angel,CD
Components,Bobby Hutcherson,CD
Begin,The Millennium,CD
"The Wild, the Innocent & the E Street Shuffle",Bruce Springsteen,CD
Русское поле экспериментов,Гражданская оборона [Grazhdanskaya Oborona],CD
Watching From a Distance,Warning,CD
Rattlesnakes,Lloyd Cole and The Commotions,CD
Subsurface,Threshold,CD
Grim Fandango,Peter McConnell,CD
I'll Take Care of You,Mark Lanegan,CD
Still Got the Blues,Gary Moore,CD
Once: Music From the Motion Picture,Various Artists,CD
Måltid,Samla Mammas Manna,CD
Neotokyo,Ed Harrison,CD
Know What I Mean?,Cannonball Adderley With Bill Evans,CD
Just Got Back From the Discomfort—We're Alright,The Brave Little Abacus,CD
Lo mato,Willie Colón,CD
Secrets of the Beehive,David Sylvian,CD
Marquee Moon,Television,CD
Wonderful Rainbow,Lightning Bolt,CD
Ballads,John Coltrane Quartet,CD
